{
    "Dummy_MF": {
        "0": {
            "precision": 0.513461072034926,
            "recall": 1.0,
            "f1-score": 0.6785256410256411,
            "support": 2117.0
        },
        "1": {
            "precision": 0.0,
            "recall": 0.0,
            "f1-score": 0.0,
            "support": 847.0
        },
        "2": {
            "precision": 0.0,
            "recall": 0.0,
            "f1-score": 0.0,
            "support": 450.0
        },
        "3": {
            "precision": 0.0,
            "recall": 0.0,
            "f1-score": 0.0,
            "support": 1653.0
        },
        "4": {
            "precision": 0.0,
            "recall": 0.0,
            "f1-score": 0.0,
            "support": 501.0
        },
        "5": {
            "precision": 0.0,
            "recall": 0.0,
            "f1-score": 0.0,
            "support": 290.0
        },
        "6": {
            "precision": 0.0,
            "recall": 0.0,
            "f1-score": 0.0,
            "support": 617.0
        },
        "7": {
            "precision": 0.0,
            "recall": 0.0,
            "f1-score": 0.0,
            "support": 458.0
        },
        "8": {
            "precision": 0.0,
            "recall": 0.0,
            "f1-score": 0.0,
            "support": 466.0
        },
        "9": {
            "precision": 0.0,
            "recall": 0.0,
            "f1-score": 0.0,
            "support": 398.0
        },
        "micro avg": {
            "precision": 0.513461072034926,
            "recall": 0.27151468513530846,
            "f1-score": 0.3552013422818792,
            "support": 7797.0
        },
        "macro avg": {
            "precision": 0.0513461072034926,
            "recall": 0.1,
            "f1-score": 0.0678525641025641,
            "support": 7797.0
        },
        "weighted avg": {
            "precision": 0.13941222130280087,
            "recall": 0.27151468513530846,
            "f1-score": 0.18422967577931026,
            "support": 7797.0
        },
        "samples avg": {
            "precision": 0.513461072034926,
            "recall": 0.27504244482173174,
            "f1-score": 0.3462688980515805,
            "support": 7797.0
        }
    },
    "Dummy_Zero": {
        "0": {
            "precision": 0.0,
            "recall": 0.0,
            "f1-score": 0.0,
            "support": 2117.0
        },
        "1": {
            "precision": 0.0,
            "recall": 0.0,
            "f1-score": 0.0,
            "support": 847.0
        },
        "2": {
            "precision": 0.0,
            "recall": 0.0,
            "f1-score": 0.0,
            "support": 450.0
        },
        "3": {
            "precision": 0.0,
            "recall": 0.0,
            "f1-score": 0.0,
            "support": 1653.0
        },
        "4": {
            "precision": 0.0,
            "recall": 0.0,
            "f1-score": 0.0,
            "support": 501.0
        },
        "5": {
            "precision": 0.0,
            "recall": 0.0,
            "f1-score": 0.0,
            "support": 290.0
        },
        "6": {
            "precision": 0.0,
            "recall": 0.0,
            "f1-score": 0.0,
            "support": 617.0
        },
        "7": {
            "precision": 0.0,
            "recall": 0.0,
            "f1-score": 0.0,
            "support": 458.0
        },
        "8": {
            "precision": 0.0,
            "recall": 0.0,
            "f1-score": 0.0,
            "support": 466.0
        },
        "9": {
            "precision": 0.0,
            "recall": 0.0,
            "f1-score": 0.0,
            "support": 398.0
        },
        "micro avg": {
            "precision": 0.0,
            "recall": 0.0,
            "f1-score": 0.0,
            "support": 7797.0
        },
        "macro avg": {
            "precision": 0.0,
            "recall": 0.0,
            "f1-score": 0.0,
            "support": 7797.0
        },
        "weighted avg": {
            "precision": 0.0,
            "recall": 0.0,
            "f1-score": 0.0,
            "support": 7797.0
        },
        "samples avg": {
            "precision": 0.0,
            "recall": 0.0,
            "f1-score": 0.0,
            "support": 7797.0
        }
    },
    "Dummy_Random": {
        "0": {
            "precision": 0.5100961538461538,
            "recall": 0.5011809163911195,
            "f1-score": 0.5055992375506314,
            "support": 2117.0
        },
        "1": {
            "precision": 0.2004950495049505,
            "recall": 0.4781582054309327,
            "f1-score": 0.2825252877572375,
            "support": 847.0
        },
        "2": {
            "precision": 0.1118421052631579,
            "recall": 0.4911111111111111,
            "f1-score": 0.18219291014014838,
            "support": 450.0
        },
        "3": {
            "precision": 0.4000951474785918,
            "recall": 0.5087719298245614,
            "f1-score": 0.44793608521970707,
            "support": 1653.0
        },
        "4": {
            "precision": 0.11984282907662082,
            "recall": 0.4870259481037924,
            "f1-score": 0.19235317303902247,
            "support": 501.0
        },
        "5": {
            "precision": 0.0673076923076923,
            "recall": 0.4827586206896552,
            "f1-score": 0.11814345991561181,
            "support": 290.0
        },
        "6": {
            "precision": 0.15070491006319883,
            "recall": 0.5024311183144247,
            "f1-score": 0.2318623784592371,
            "support": 617.0
        },
        "7": {
            "precision": 0.10792416140009722,
            "recall": 0.4847161572052402,
            "f1-score": 0.17654075546719683,
            "support": 458.0
        },
        "8": {
            "precision": 0.11371571072319202,
            "recall": 0.4892703862660944,
            "f1-score": 0.18454067179279643,
            "support": 466.0
        },
        "9": {
            "precision": 0.08738340697103583,
            "recall": 0.4472361809045226,
            "f1-score": 0.1462012320328542,
            "support": 398.0
        },
        "micro avg": {
            "precision": 0.1882640586797066,
            "recall": 0.4937796588431448,
            "f1-score": 0.27259531985697594,
            "support": 7797.0
        },
        "macro avg": {
            "precision": 0.18694071666346912,
            "recall": 0.4872660574241454,
            "f1-score": 0.24678951913744435,
            "support": 7797.0
        },
        "weighted avg": {
            "precision": 0.2912817611275965,
            "recall": 0.4937796588431448,
            "f1-score": 0.33741272323229854,
            "support": 7797.0
        },
        "samples avg": {
            "precision": 0.18874442250018286,
            "recall": 0.4912684938151831,
            "f1-score": 0.2584103744908984,
            "support": 7797.0
        }
    },
    "Dummy_Stratified": {
        "0": {
            "precision": 0.5174858223062382,
            "recall": 0.5172413793103449,
            "f1-score": 0.517363571934798,
            "support": 2117.0
        },
        "1": {
            "precision": 0.1710079275198188,
            "recall": 0.1782762691853601,
            "f1-score": 0.1745664739884393,
            "support": 847.0
        },
        "2": {
            "precision": 0.11805555555555555,
            "recall": 0.11333333333333333,
            "f1-score": 0.11564625850340136,
            "support": 450.0
        },
        "3": {
            "precision": 0.3941311852704258,
            "recall": 0.4143980641258318,
            "f1-score": 0.4040106163373636,
            "support": 1653.0
        },
        "4": {
            "precision": 0.12172284644194757,
            "recall": 0.12974051896207583,
            "f1-score": 0.12560386473429952,
            "support": 501.0
        },
        "5": {
            "precision": 0.057692307692307696,