{
    "Dummy_MF": {
        "0": {
            "precision": 0.513461072034926,
            "recall": 1.0,
            "f1-score": 0.6785256410256411,
            "support": 2117.0
        },
        "1": {
            "precision": 0.0,
            "recall": 0.0,
            "f1-score": 0.0,
            "support": 847.0
        },
        "2": {
            "precision": 0.0,
            "recall": 0.0,
            "f1-score": 0.0,
            "support": 450.0
        },
        "3": {
            "precision": 0.0,
            "recall": 0.0,
            "f1-score": 0.0,
            "support": 1653.0
        },
        "4": {
            "precision": 0.0,
            "recall": 0.0,
            "f1-score": 0.0,
            "support": 501.0
        },
        "5": {
            "precision": 0.0,
            "recall": 0.0,
            "f1-score": 0.0,
            "support": 290.0
        },
        "6": {
            "precision": 0.0,
            "recall": 0.0,
            "f1-score": 0.0,
            "support": 617.0
        },
        "7": {
            "precision": 0.0,
            "recall": 0.0,
            "f1-score": 0.0,
            "support": 458.0
        },
        "8": {
            "precision": 0.0,
            "recall": 0.0,
            "f1-score": 0.0,
            "support": 466.0
        },
        "9": {
            "precision": 0.0,
            "recall": 0.0,
            "f1-score": 0.0,
            "support": 398.0
        },
        "micro avg": {
            "precision": 0.513461072034926,
            "recall": 0.27151468513530846,
            "f1-score": 0.3552013422818792,
            "support": 7797.0
        },
        "macro avg": {
            "precision": 0.0513461072034926,
            "recall": 0.1,
            "f1-score": 0.0678525641025641,
            "support": 7797.0
        },
        "weighted avg": {
            "precision": 0.13941222130280087,
            "recall": 0.27151468513530846,
            "f1-score": 0.18422967577931026,
            "support": 7797.0
        },
        "samples avg": {
            "precision": 0.513461072034926,
            "recall": 0.27504244482173174,
            "f1-score": 0.3462688980515805,
            "support": 7797.0
        }
    },
    "Dummy_Zero": {
        "0": {
            "precision": 0.0,
            "recall": 0.0,
            "f1-score": 0.0,
            "support": 2117.0
        },
        "1": {
            "precision": 0.0,
            "recall": 0.0,
            "f1-score": 0.0,
            "support": 847.0
        },
        "2": {
            "precision": 0.0,
            "recall": 0.0,
            "f1-score": 0.0,
            "support": 450.0
        },
        "3": {
            "precision": 0.0,
            "recall": 0.0,
            "f1-score": 0.0,
            "support": 1653.0
        },
        "4": {
            "precision": 0.0,
            "recall": 0.0,
            "f1-score": 0.0,
            "support": 501.0
        },
        "5": {
            "precision": 0.0,
            "recall": 0.0,
            "f1-score": 0.0,
            "support": 290.0
        },
        "6": {
            "precision": 0.0,
            "recall": 0.0,
            "f1-score": 0.0,
            "support": 617.0
        },
        "7": {
            "precision": 0.0,
            "recall": 0.0,
            "f1-score": 0.0,
            "support": 458.0
        },
        "8": {
            "precision": 0.0,
            "recall": 0.0,
            "f1-score": 0.0,
            "support": 466.0
        },
        "9": {
            "precision": 0.0,
            "recall": 0.0,
            "f1-score": 0.0,
            "support": 398.0
        },
        "micro avg": {
            "precision": 0.0,
            "recall": 0.0,
            "f1-score": 0.0,
            "support": 7797.0
        },
        "macro avg": {
            "precision": 0.0,
            "recall": 0.0,
            "f1-score": 0.0,
            "support": 7797.0
        },
        "weighted avg": {
            "precision": 0.0,
            "recall": 0.0,
            "f1-score": 0.0,
            "support": 7797.0
        },
        "samples avg": {
            "precision": 0.0,
            "recall": 0.0,
            "f1-score": 0.0,
            "support": 7797.0
        }
    },
    "Dummy_Random": {
        "0": {
            "precision": 0.516003879728419,
            "recall": 0.502598016060463,
            "f1-score": 0.509212730318258,
            "support": 2117.0
        },
        "1": {
            "precision": 0.20899209486166007,
            "recall": 0.49940968122786306,
            "f1-score": 0.2946708463949843,
            "support": 847.0
        },
        "2": {
            "precision": 0.10324769752787204,
            "recall": 0.47333333333333333,
            "f1-score": 0.16951850378034222,
            "support": 450.0
        },
        "3": {
            "precision": 0.3956262425447316,
            "recall": 0.48154869933454325,
            "f1-score": 0.4343792633015007,
            "support": 1653.0
        },
        "4": {
            "precision": 0.12720156555772993,
            "recall": 0.5189620758483033,
            "f1-score": 0.2043222003929273,
            "support": 501.0
        },
        "5": {
            "precision": 0.06669912366114898,
            "recall": 0.4724137931034483,
            "f1-score": 0.11689419795221843,
            "support": 290.0
        },
        "6": {
            "precision": 0.15513009327442318,
            "recall": 0.5121555915721232,
            "f1-score": 0.23813112283345894,
            "support": 617.0
        },
        "7": {
            "precision": 0.10815939278937381,
            "recall": 0.4978165938864629,
            "f1-score": 0.17770849571317227,
            "support": 458.0
        },
        "8": {
            "precision": 0.11898980087421078,
            "recall": 0.5257510729613734,
            "f1-score": 0.19405940594059407,
            "support": 466.0
        },
        "9": {
            "precision": 0.09636803874092009,
            "recall": 0.5,
            "f1-score": 0.16159155501421033,
            "support": 398.0
        },
        "micro avg": {
            "precision": 0.1890588464536243,
            "recall": 0.4977555470052584,
            "f1-score": 0.27403353927625773,
            "support": 7797.0
        },
        "macro avg": {
            "precision": 0.18964179295604894,
            "recall": 0.49839888573279134,
            "f1-score": 0.2500488321641667,
            "support": 7797.0
        },
        "weighted avg": {
            "precision": 0.2939534291172437,
            "recall": 0.4977555470052584,
            "f1-score": 0.3387493986931753,
            "support": 7797.0
        },
        "samples avg": {
            "precision": 0.18924249948989216,
            "recall": 0.5001212709192335,
            "f1-score": 0.2604518732944636,
            "support": 7797.0
        }
    },
    "Dummy_Stratified": {
        "0": {
            "precision": 0.5079060852898898,
            "recall": 0.5007085498346717,
            "f1-score": 0.5042816365366318,
            "support": 2117.0
        },
        "1": {
            "precision": 0.22118742724097787,
            "recall": 0.2243211334120425,
            "f1-score": 0.2227432590855803,
            "support": 847.0
        },
        "2": {
            "precision": 0.11496746203904555,
            "recall": 0.11777777777777777,
            "f1-score": 0.1163556531284303,
            "support": 450.0
        },
        "3": {
            "precision": 0.39461626575028635,
            "recall": 0.41681790683605563,
            "f1-score": 0.40541335686966756,
            "support": 1653.0
        },
        "4": {
            "precision": 0.11836734693877551,
            "recall": 0.1157684630738523,
            "f1-score": 0.1170534813319879,
            "support": 501.0
        },
        "5": {
            "precision": 0.05647840531561462,