{
    "Dummy_MF": {
        "0": {
            "precision": 0.513461072034926,
            "recall": 1.0,
            "f1-score": 0.6785256410256411,
            "support": 2117.0
        },
        "1": {
            "precision": 0.0,
            "recall": 0.0,
            "f1-score": 0.0,
            "support": 847.0
        },
        "2": {
            "precision": 0.0,
            "recall": 0.0,
            "f1-score": 0.0,
            "support": 450.0
        },
        "3": {
            "precision": 0.0,
            "recall": 0.0,
            "f1-score": 0.0,
            "support": 1653.0
        },
        "4": {
            "precision": 0.0,
            "recall": 0.0,
            "f1-score": 0.0,
            "support": 501.0
        },
        "5": {
            "precision": 0.0,
            "recall": 0.0,
            "f1-score": 0.0,
            "support": 290.0
        },
        "6": {
            "precision": 0.0,
            "recall": 0.0,
            "f1-score": 0.0,
            "support": 617.0
        },
        "7": {
            "precision": 0.0,
            "recall": 0.0,
            "f1-score": 0.0,
            "support": 458.0
        },
        "8": {
            "precision": 0.0,
            "recall": 0.0,
            "f1-score": 0.0,
            "support": 466.0
        },
        "9": {
            "precision": 0.0,
            "recall": 0.0,
            "f1-score": 0.0,
            "support": 398.0
        },
        "micro avg": {
            "precision": 0.513461072034926,
            "recall": 0.27151468513530846,
            "f1-score": 0.3552013422818792,
            "support": 7797.0
        },
        "macro avg": {
            "precision": 0.0513461072034926,
            "recall": 0.1,
            "f1-score": 0.0678525641025641,
            "support": 7797.0
        },
        "weighted avg": {
            "precision": 0.13941222130280087,
            "recall": 0.27151468513530846,
            "f1-score": 0.18422967577931026,
            "support": 7797.0
        },
        "samples avg": {
            "precision": 0.513461072034926,
            "recall": 0.27504244482173174,
            "f1-score": 0.3462688980515805,
            "support": 7797.0
        }
    },
    "Dummy_Zero": {
        "0": {
            "precision": 0.0,
            "recall": 0.0,
            "f1-score": 0.0,
            "support": 2117.0
        },
        "1": {
            "precision": 0.0,
            "recall": 0.0,
            "f1-score": 0.0,
            "support": 847.0
        },
        "2": {
            "precision": 0.0,
            "recall": 0.0,
            "f1-score": 0.0,
            "support": 450.0
        },
        "3": {
            "precision": 0.0,
            "recall": 0.0,
            "f1-score": 0.0,
            "support": 1653.0
        },
        "4": {
            "precision": 0.0,
            "recall": 0.0,
            "f1-score": 0.0,
            "support": 501.0
        },
        "5": {
            "precision": 0.0,
            "recall": 0.0,
            "f1-score": 0.0,
            "support": 290.0
        },
        "6": {
            "precision": 0.0,
            "recall": 0.0,
            "f1-score": 0.0,
            "support": 617.0
        },
        "7": {
            "precision": 0.0,
            "recall": 0.0,
            "f1-score": 0.0,
            "support": 458.0
        },
        "8": {
            "precision": 0.0,
            "recall": 0.0,
            "f1-score": 0.0,
            "support": 466.0
        },
        "9": {
            "precision": 0.0,
            "recall": 0.0,
            "f1-score": 0.0,
            "support": 398.0
        },
        "micro avg": {
            "precision": 0.0,
            "recall": 0.0,
            "f1-score": 0.0,
            "support": 7797.0
        },
        "macro avg": {
            "precision": 0.0,
            "recall": 0.0,
            "f1-score": 0.0,
            "support": 7797.0
        },
        "weighted avg": {
            "precision": 0.0,
            "recall": 0.0,
            "f1-score": 0.0,
            "support": 7797.0
        },
        "samples avg": {
            "precision": 0.0,
            "recall": 0.0,
            "f1-score": 0.0,
            "support": 7797.0
        }
    },
    "Dummy_Random": {
        "0": {
            "precision": 0.5192864030858245,
            "recall": 0.5087387812942844,
            "f1-score": 0.5139584824624195,
            "support": 2117.0
        },
        "1": {
            "precision": 0.2060373742213704,
            "recall": 0.5076741440377804,
            "f1-score": 0.2931152010906612,
            "support": 847.0
        },
        "2": {
            "precision": 0.1158097068716963,
            "recall": 0.5355555555555556,
            "f1-score": 0.1904385618332675,
            "support": 450.0
        },
        "3": {
            "precision": 0.40240384615384617,
            "recall": 0.5063520871143375,
            "f1-score": 0.44843289579426737,
            "support": 1653.0
        },
        "4": {
            "precision": 0.11976911976911978,
            "recall": 0.49700598802395207,
            "f1-score": 0.1930232558139535,
            "support": 501.0
        },
        "5": {
            "precision": 0.06759348034515819,
            "recall": 0.4862068965517241,
            "f1-score": 0.11868686868686869,
            "support": 290.0
        },
        "6": {
            "precision": 0.1558567279767667,
            "recall": 0.5218800648298217,
            "f1-score": 0.24002981736861723,
            "support": 617.0
        },
        "7": {
            "precision": 0.11986301369863013,
            "recall": 0.5349344978165939,
            "f1-score": 0.19584332533972823,
            "support": 458.0
        },
        "8": {
            "precision": 0.11612599905970851,
            "recall": 0.5300429184549357,
            "f1-score": 0.19051291939838025,
            "support": 466.0
        },
        "9": {
            "precision": 0.09751340809361288,
            "recall": 0.5025125628140703,
            "f1-score": 0.16333197223356472,
            "support": 398.0
        },
        "micro avg": {
            "precision": 0.19200962695547533,
            "recall": 0.511607028344235,
            "f1-score": 0.27922441551168975,
            "support": 7797.0
        },
        "macro avg": {
            "precision": 0.19202590792757337,
            "recall": 0.5130903496493056,
            "f1-score": 0.2547373300021728,
            "support": 7797.0
        },
        "weighted avg": {
            "precision": 0.29687357301601985,
            "recall": 0.511607028344235,
            "f1-score": 0.3444888086523336,
            "support": 7797.0
        },
        "samples avg": {
            "precision": 0.1919394299881809,
            "recall": 0.5142695448298165,
            "f1-score": 0.2649337699786402,
            "support": 7797.0
        }
    },
    "Dummy_Stratified": {
        "0": {
            "precision": 0.5207215992198927,
            "recall": 0.5044874822862542,
            "f1-score": 0.5124760076775432,
            "support": 2117.0
        },
        "1": {
            "precision": 0.2054120541205412,
            "recall": 0.19716646989374262,
            "f1-score": 0.20120481927710843,
            "support": 847.0
        },
        "2": {
            "precision": 0.09956709956709957,
            "recall": 0.10222222222222223,
            "f1-score": 0.10087719298245613,
            "support": 450.0
        },
        "3": {
            "precision": 0.40071985602879423,
            "recall": 0.40411373260738054,
            "f1-score": 0.40240963855421685,
            "support": 1653.0
        },
        "4": {
            "precision": 0.1200750469043152,
            "recall": 0.1277445109780439,
            "f1-score": 0.12379110251450677,
            "support": 501.0
        },
        "5": {
            "precision": 0.08841463414634146,