,Feature,Importance
3,Exercise min./wk cat.,-0.0041232112539413
7,Activation/Enjoyment,-0.0033955857385398885
6,Distraction/Stress Red.,0.00024254183846714183
2,Education,0.0004850836769342698
4,Fitness/Health,0.0007276255154014116
8,Competition/Performance,0.0007276255154014116
5,Figure/Appearance,0.0009701673538685396
9,Aesthetics,0.0014552510308028233
10,Social Contact,0.0033955857385399024
1,Age (years),0.005821004123211251
0,Sex,0.006548629638612663
