,Feature,Importance
3,Exercise min./wk,-0.005335920446276982
7,Activation/Enjoyment,-0.0009701673538685396
6,Distraction/Stress Red.,-0.00024254183846712796
9,Aesthetics,0.0012127091923356814
5,Figure/Appearance,0.0016977928692699512
2,Education,0.002667960223138491
8,Competition/Performance,0.002667960223138491
0,Sex,0.003880669415474172
4,Fitness/Health,0.005335920446276982
10,Social Contact,0.009944215377152565
1,Age (years),0.012854717438758198
