,Feature,Importance
3,Exercise min./wk,0.0009701673538685396
2,Education,0.0016977928692699512
7,Activation/Enjoyment,0.0016977928692699512
6,Distraction/Stress Red.,0.007276255154014075
9,Aesthetics,0.007518796992481203
0,Sex,0.008488964346349742
8,Competition/Performance,0.010671840892553963
4,Fitness/Health,0.011156924569488233
5,Figure/Appearance,0.012127091923356786
10,Social Contact,0.019160805238903705
1,Age (years),0.022071307300509338
