,Feature,Importance
8,Competition/Performance,-0.004850836769342712
7,Activation/Enjoyment,-0.00048508367693427326
10,Social Contact,-0.00024254183846713837
1,Age (years),0.0002425418384671349
3,Exercise min./wk cat.,0.0002425418384671349
5,Figure/Appearance,0.0002425418384671349
6,Distraction/Stress Red.,0.0004850836769342698
9,Aesthetics,0.0007276255154014047
0,Sex,0.0019403347077370826
4,Fitness/Health,0.002667960223138489
2,Education,0.0029105020616056257
