,sex,age,edu,sport_min_kat,Zind_fitheal,Zind_figap,Zind_disstre,Zind_actenj,Zind_compperf,Zind_aes,Zind_con
0,1.1010253645151165e-06,2.8187062384275066e-06,2.7777607814339246e-06,2.5979446439306533e-06,1.966829305347509e-06,1.4496332694833855e-06,1.4654983679876712e-06,1.7196053130341004e-06,9.734025567417157e-07,1.2955692626050962e-06,1.0283124356174788e-06
1,1.342197103158539e-06,3.4361252915178213e-06,3.386210999986351e-06,3.1670072982982085e-06,2.397650327336671e-06,1.7671659967302081e-06,1.7865061617388952e-06,2.0962735418367968e-06,1.186619878622648e-06,1.5793551937765412e-06,1.2535574761379025e-06
2,9.169144598400183e-07,2.3473680296794955e-06,2.3132693877982248e-06,2.163521741775278e-06,1.6379401879721924e-06,1.207228560846714e-06,1.2204407628147234e-06,1.4320564795849123e-06,8.106322456549118e-07,1.0789268529823155e-06,8.563601772612612e-07
3,4.791297870543092e-07,1.2266080363104623e-06,1.2087899227933199e-06,1.1305398617590034e-06,8.558992783976005e-07,6.308326361471798e-07,6.377365846140713e-07,7.483155457513691e-07,4.235926787314688e-07,5.637890373260081e-07,4.4748766576599984e-07
4,1.0503521162250394e-06,2.6889788004369574e-06,2.6499178072160727e-06,2.478377485714835e-06,1.8763084401228861e-06,1.382915697094061e-06,1.3980506318424356e-06,1.6404626234077128e-06,9.286029300226972e-07,1.2359423013826483e-06,9.809856420175436e-07
5,1.343867802995266e-06,3.4404014080917575e-06,3.390425001262112e-06,3.1709485235647782e-06,2.4006341016032334e-06,1.769365101747298e-06,1.7887293829118246e-06,2.098882267092753e-06,1.188096642607326e-06,1.5813206288290397e-06,1.2551174963979674e-06
6,1.9161983208102135e-06,4.905610049610615e-06,4.834349538202115e-06,4.521401748740781e-06,3.423023472239002e-06,2.5229077054694675e-06,2.55051890666337e-06,2.9927606467888597e-06,1.694086863216128e-06,2.2547782800869454e-06,1.7896507625541424e-06
7,1.3338398699787656e-06,3.4147297666499295e-06,3.365126273882744e-06,3.1472874803163522e-06,2.382721014217093e-06,1.7561624630008971e-06,1.7753822215963406e-06,2.083220794757647e-06,1.1792312448043636e-06,1.5695211095165302e-06,1.2457520287678236e-06
