,sex,age,edu,sport_minwk,sport_min_kat,Zind_fitheal,Zind_figap,Zind_disstre,Zind_actenj,Zind_compperf,Zind_aes,Zind_con
0,0.15567954992335578,0.01177676204776621,0.17052884445042105,0.16762864973164637,4.624738413343412,1.405685447271421,0.31932390223464047,0.0,1.8911845648497767,0.5215533759916752,6.224594810901009,0.0
1,0.21585080457015507,0.5048961623291239,0.08404936517545256,0.0,0.0,3.149676847847275,0.0,3.3833483705154674,3.8915063003803083,0.42647816794930044,2.6808967291350294,3.2800857678172464
2,0.23964460519664785,7.734000234032654,0.0,0.0,1.2705139899496598,1.8961928090292373,1.7699278407778622,0.12253340717129867,1.4325181860115679,0.0,1.0177075196699563,0.5925542583076331
3,0.21094021623917722,0.0,0.2170211531269607,0.1846235642780957,5.015729246366916,2.113325562899848,0.0,0.0,1.2306818813254041,3.835190845605486,0.0,4.412937870151507
4,0.19506031129693854,0.5937765888086958,11.229637157058592,0.0,1.3988729289037525,1.546076353521538,1.1104377900945257,1.456839704787011,1.4908095227770561,0.777924087449223,0.8272611089028971,0.6760824940645969
5,0.07845997236801357,0.15774041783266263,0.047765491515511155,0.0,0.38904519159936896,3.466474252892367,7.513250100290664,0.7348653092948757,0.0,0.3394959931014666,0.12183778127948794,0.15043380095263933
6,9.234249901911895,0.3238963436424178,0.0968424519520384,0.05349042241320297,0.773031114289324,0.7468210343665815,0.0,0.418206361769299,0.41277810640012175,1.2295793914202091,0.2059719973978826,0.2858270909128524
7,0.1377075660394865,0.04807535569172901,0.0195119808166618,0.13425936776124892,5.792641003337987,2.006479276676783,1.156982689131575,5.256735409102002,3.241496807295899,1.0781112091573697,0.0,0.0
