,sex,age,edu,sport_min_kat,Zind_fitheal,Zind_figap,Zind_disstre,Zind_actenj,Zind_compperf,Zind_aes,Zind_con
0,0.0,0.28964860328801045,0.14036053605470344,2.803328340768772,4.271258306659676,6.717603669988799,3.075294234066971,1.5863517384558292,1.1276729860247023,0.0,1.2932698814495185
1,0.5980084884274981,7.148246357368813,0.12763656150256292,1.374072509148302,2.736203341063159,2.221456330611434,0.9677813844868288,2.469779545006016,0.0,3.1585331629578004,0.609583188308779
2,9.032130006392649,0.28648250264677466,0.21954334969176892,1.5346880868591666,1.022273332180264,0.0,0.5317069396135428,0.5695889487672283,1.7256431971807642,0.065757016684225,0.888459020475459
3,0.0,0.0,0.0,7.233031743694972,2.963539624640128,0.0,2.812352444901504,3.8213852448709362,2.5858815928868903,3.6333813109606217,2.796880723266558
4,0.18818923313384778,0.3591911954363518,10.838415198748303,2.1795002864892177,1.9880608666756534,1.1921455990957976,1.8276422128248382,1.9351910450192529,1.0495664941625762,1.3692977311008196,1.1549160081565333
