,sex,age,edu,sport_minwk,sport_min_kat,Zind_fitheal,Zind_figap,Zind_disstre,Zind_actenj,Zind_compperf,Zind_aes,Zind_con
0,0.0,0.30518157936066964,0.13702992432186187,0.0006475622330588567,2.8617240069796215,4.361085502284995,6.860834690784881,3.15406516534586,1.7387988159604428,1.1208938002135236,0.0,1.3212916535442853
1,9.17217600212737,0.27822776770961327,0.21398947576483565,0.08240802424199783,1.5522998303830182,1.0209016641951847,0.0,0.5429878098606198,0.5790664295088893,1.7487271742987298,0.05195104605617,0.8842327987942424
2,0.6000110472787175,7.278358307486816,0.13375390437127838,0.0,1.4234884094596094,2.781170817953629,2.2236113448123995,0.9290923599437344,2.5280409197334865,0.0,3.2337624075105276,0.6412729345027867
3,0.0,0.0,0.0,0.26799173863366754,7.38845490650925,3.0107405430652454,0.0,2.8762571132150474,3.915846450188091,2.666017097971877,3.6982422025370463,2.8354554398553034
4,0.1843387969776564,0.33411231687342147,11.053262780730654,0.045643343564333,2.196884498097131,2.0171960377926976,1.2016364233234011,1.8500596681334636,1.9768744064119197,1.0747234742540612,1.3830096459204793,1.1755023958526933
